id,first_name,last_name,email,gender,ip_address
101,James,Enticott,jenticott0@elpais.com,Male,47.50.110.6
102,Ofelia,Garmon,ogarmon1@amazon.com,Female,200.92.174.192
103,Vickie,Lincke,vlincke2@webnode.com,Female,49.182.90.221
104,Carin,Semor,csemor3@etsy.com,Female,253.28.126.61
105,Woodman,Roles,wroles4@cafepress.com,Male,114.254.235.50
106,Bernardine,Enos,benos5@ehow.com,Female,172.252.37.123
107,Zenia,Capponeer,zcapponeer6@adobe.com,Female,115.38.135.140
108,Orton,Jakov,ojakov7@lycos.com,Male,33.132.156.151
109,Jordain,Grisenthwaite,jgrisenthwaite8@hp.com,Female,164.216.218.130
110,Jacinda,Rulf,jrulf9@chicagotribune.com,Female,248.137.232.47
111,Matthus,Castangia,mcastangiaa@wsj.com,Male,129.93.180.187
112,Thomasa,Bernard,tbernardb@aboutads.info,Female,75.254.123.84
113,Ellyn,Archbutt,earchbuttc@gnu.org,Female,239.137.189.69
114,Annabell,Edmeads,aedmeadsd@live.com,Female,251.235.234.180
115,Almeta,Woodroof,awoodroofe@sfgate.com,Female,168.25.245.176
116,Morse,Euston,meustonf@bloglines.com,Male,86.66.158.44
117,Orelee,Meuse,omeuseg@hexun.com,Female,172.121.115.60
118,Wenda,Raithby,wraithbyh@sciencedirect.com,Female,69.241.201.240
119,Kaye,Cresswell,kcresswelli@irs.gov,Female,203.85.115.129
120,Bayard,Balsdon,bbalsdonj@jugem.jp,Male,211.218.140.252
121,Cody,Dignam,cdignamk@mysql.com,Male,163.218.84.72
122,Carri,Puddle,cpuddlel@nba.com,Female,234.130.235.30
123,Henriette,Ticehurst,hticehurstm@gmpg.org,Female,206.152.65.100
124,Salomone,Braney,sbraneyn@edublogs.org,Male,202.46.95.252
125,Pancho,Collip,pcollipo@ihg.com,Male,97.138.88.155
126,Selig,Bateson,sbatesonp@nsw.gov.au,Male,147.160.225.77
127,Dianemarie,McCleary,dmcclearyq@blog.com,Female,154.133.224.243
128,Tiphani,Youel,tyouelr@apple.com,Female,92.119.56.129
129,Kimble,Renish,krenishs@hubpages.com,Male,73.133.67.156
130,Tobie,Sandiford,tsandifordt@senate.gov,Male,148.178.11.163
131,Seymour,Murrow,smurrowu@vimeo.com,Male,106.130.79.212
132,Ianthe,Dach,idachv@qq.com,Female,48.32.56.216
133,Iseabal,Swettenham,iswettenhamw@psu.edu,Female,12.150.219.235
134,Vincent,Moultrie,vmoultriex@blogs.com,Male,181.134.61.132
135,Gabriela,Boag,gboagy@is.gd,Female,217.182.116.194
136,Evered,Nisbith,enisbithz@biglobe.ne.jp,Male,152.206.189.149
137,Quillan,Gabby,qgabby10@symantec.com,Male,31.90.147.170
138,Demott,Albrecht,dalbrecht11@angelfire.com,Male,62.36.179.89
139,Catriona,Mulholland,cmulholland12@msn.com,Female,168.220.201.116
140,Adrian,Martellini,amartellini13@jimdo.com,Female,0.238.152.126
141,Celinda,Georgeon,cgeorgeon14@bandcamp.com,Female,205.103.40.18
142,Hyman,Baxter,hbaxter15@plala.or.jp,Male,253.213.36.221
143,Janeta,Gregoretti,jgregoretti16@rediff.com,Female,245.42.134.186
144,Ingaborg,Sheeran,isheeran17@uol.com.br,Female,23.175.74.184
145,Hugo,Corderoy,hcorderoy18@guardian.co.uk,Male,3.3.184.249
146,Alix,Malpas,amalpas19@alexa.com,Female,62.191.146.231
147,Carine,Labat,clabat1a@hibu.com,Female,197.145.220.25
148,Gayle,Pollicote,gpollicote1b@latimes.com,Male,135.170.166.169
149,Natale,Arson,narson1c@skyrock.com,Male,249.179.186.63
150,Alisha,Kibbey,akibbey1d@meetup.com,Female,52.6.188.236
151,Kevan,Rowan,krowan1e@reverbnation.com,Male,204.157.63.67
152,Sidonia,Faier,sfaier1f@geocities.com,Female,255.58.106.166
153,Claudell,Smissen,csmissen1g@mapquest.com,Male,213.188.6.238
154,Kristen,Wilshaw,kwilshaw1h@booking.com,Female,2.70.125.122
155,Raff,Heynel,rheynel1i@parallels.com,Male,41.220.130.69
156,Sileas,Mora,smora1j@webnode.com,Female,154.25.38.127
157,Tore,Garwill,tgarwill1k@angelfire.com,Male,74.143.192.69
158,Rollie,Dyet,rdyet1l@japanpost.jp,Male,60.170.233.247
159,Erhart,Evens,eevens1m@usnews.com,Male,133.250.40.142
160,Dillie,Waldock,dwaldock1n@pen.io,Male,56.216.55.182
161,Marlena,Irnys,mirnys1o@booking.com,Female,239.131.211.88
162,Caitrin,Pheasant,cpheasant1p@trellian.com,Female,224.44.135.152
163,Claudius,Hamon,chamon1q@mac.com,Male,164.93.2.185
164,Koral,Danelet,kdanelet1r@typepad.com,Female,173.82.238.17
165,Maire,Lowers,mlowers1s@macromedia.com,Female,26.124.27.123
166,Fernande,Sappson,fsappson1t@sphinn.com,Female,214.185.127.98
167,Enrique,Fairtlough,efairtlough1u@tinyurl.com,Male,132.209.195.213
168,Kory,Lucia,klucia1v@123-reg.co.uk,Male,190.117.89.36
169,Zebedee,Molloy,zmolloy1w@themeforest.net,Male,183.101.238.253
170,Abbot,Treske,atreske1x@kickstarter.com,Male,45.251.52.137
171,Abby,Fawthrop,afawthrop1y@mozilla.com,Male,50.29.45.189
172,Eadie,Claypole,eclaypole1z@un.org,Female,126.66.165.87
173,Clareta,Grahlman,cgrahlman20@mit.edu,Female,131.103.79.95
174,Royce,Thackham,rthackham21@github.io,Male,239.141.189.119
175,Jayson,Devonside,jdevonside22@ning.com,Male,59.11.188.203
176,Tera,Wimms,twimms23@mayoclinic.com,Female,167.175.179.121
177,Bev,Alvarado,balvarado24@hexun.com,Male,46.21.204.114
178,Lyda,Broxis,lbroxis25@cbc.ca,Female,58.31.19.101
179,Deane,Daltrey,ddaltrey26@patch.com,Female,14.202.131.111
180,Bryanty,Lissimore,blissimore27@independent.co.uk,Male,124.159.176.101
181,Hetty,Brognot,hbrognot28@slate.com,Female,24.78.254.158
182,Linet,Sebring,lsebring29@wikia.com,Female,144.169.225.217
183,Rivi,Salan,rsalan2a@nationalgeographic.com,Female,7.50.116.17
184,Garald,Gibbens,ggibbens2b@discuz.net,Male,216.247.81.233
185,Inigo,Codling,icodling2c@google.it,Male,191.189.244.74
186,Kliment,Marton,kmarton2d@ca.gov,Male,138.229.142.251
187,Patrizio,Tutchener,ptutchener2e@cdc.gov,Male,64.202.39.154
188,Kendra,Minchinden,kminchinden2f@seesaa.net,Female,247.30.184.111
189,Tilly,Hews,thews2g@phoca.cz,Female,208.240.53.202
190,Chrissie,McVity,cmcvity2h@bloglines.com,Male,235.2.41.197
191,Bowie,Lapish,blapish2i@godaddy.com,Male,102.223.149.74
192,Lamond,Shenton,lshenton2j@sitemeter.com,Male,162.43.80.50
193,Hazlett,Pracy,hpracy2k@senate.gov,Male,224.39.44.157
194,Devlen,Swannell,dswannell2l@reuters.com,Male,154.109.245.161
195,Frances,Gammett,fgammett2m@vkontakte.ru,Female,123.251.201.186
196,Freemon,Muscroft,fmuscroft2n@umich.edu,Male,193.58.157.180
197,Yuri,Bromet,ybromet2o@wordpress.com,Male,31.157.113.225
198,Patin,Mandy,pmandy2p@unesco.org,Male,127.185.118.25
199,Anstice,Swanne,aswanne2q@ocn.ne.jp,Female,20.42.186.166
200,Kimbell,Sesser,ksesser2r@ocn.ne.jp,Male,203.98.224.253
