5,Cavy, Emilia,ecavy4@google.pl,144.120.119.238
13,McGarvey, Ilise,imcgarveyc@livejournal.com,111.21.58.247
15,Rosenbush, Deirdre,drosenbushe@indiegogo.com,48.227.217.177
17,Brenston, Mair,mbrenstong@flavors.me,28.94.30.159
19,Sotham, Andreana,asothami@bloglovin.com,57.135.139.169
21,Husselbee, Nara,nhusselbeek@unicef.org,166.161.108.239
23,Hollingshead, Carmela,chollingsheadm@wikimedia.org,8.14.94.229
29,Gentric, Clari,cgentrics@nytimes.com,119.47.219.236
31,Eastes, Didi,deastesu@opera.com,70.219.101.43
35,Peasnone, Caren,cpeasnoney@digg.com,2.174.18.193
37,Yele, Caitlin,cyele10@foxnews.com,84.82.98.152
39,Breinlein, Zaria,zbreinlein12@noaa.gov,24.128.148.8
43,Bordman, Benedetta,bbordman16@wiley.com,179.227.214.191
49,Lashbrook, Jamie,jlashbrook1c@hao123.com,79.247.194.3
53,Plane, Dorotea,dplane1g@over-blog.com,204.95.61.89
55,Skedgell, Sioux,sskedgell1i@irs.gov,215.15.222.233
59,Butchers, Tedi,tbutchers1m@over-blog.com,3.93.134.191
63,Wooderson, Gerianne,gwooderson1q@statcounter.com,144.202.121.56
73,Orhrt, Marcelia,morhrt20@epa.gov,10.198.157.227
75,Giovanetti, Merline,mgiovanetti22@goodreads.com,200.229.106.177
77,Baise, Tildie,tbaise24@msn.com,105.147.186.249
79,MacKibbon, Enrichetta,emackibbon26@unblog.fr,6.225.189.75
81,Tumioto, Flori,ftumioto28@rediff.com,55.215.202.184
83,Degoix, Jewelle,jdegoix2a@phpbb.com,175.108.127.170
87,McGeagh, Marta,mmcgeagh2e@cam.ac.uk,118.58.108.120
89,Berka, Ania,aberka2g@facebook.com,137.89.12.61
91,Quilleash, Christabel,cquilleash2i@whitehouse.gov,154.1.13.63
93,Raphael, Pammy,praphael2k@miitbeian.gov.cn,245.103.97.15
97,Tamlett, Madelon,mtamlett2o@miibeian.gov.cn,26.237.7.252
99,O'Dare, Misti,modare2q@aboutads.info,226.172.152.202
103,Lincke, Vickie,vlincke2@webnode.com,49.182.90.221
107,Capponeer, Zenia,zcapponeer6@adobe.com,115.38.135.140
109,Grisenthwaite, Jordain,jgrisenthwaite8@hp.com,164.216.218.130
113,Archbutt, Ellyn,earchbuttc@gnu.org,239.137.189.69
115,Woodroof, Almeta,awoodroofe@sfgate.com,168.25.245.176
117,Meuse, Orelee,omeuseg@hexun.com,172.121.115.60
119,Cresswell, Kaye,kcresswelli@irs.gov,203.85.115.129
123,Ticehurst, Henriette,hticehurstm@gmpg.org,206.152.65.100
127,McCleary, Dianemarie,dmcclearyq@blog.com,154.133.224.243
133,Swettenham, Iseabal,iswettenhamw@psu.edu,12.150.219.235
135,Boag, Gabriela,gboagy@is.gd,217.182.116.194
139,Mulholland, Catriona,cmulholland12@msn.com,168.220.201.116
141,Georgeon, Celinda,cgeorgeon14@bandcamp.com,205.103.40.18
143,Gregoretti, Janeta,jgregoretti16@rediff.com,245.42.134.186
147,Labat, Carine,clabat1a@hibu.com,197.145.220.25
161,Irnys, Marlena,mirnys1o@booking.com,239.131.211.88
165,Lowers, Maire,mlowers1s@macromedia.com,26.124.27.123
173,Grahlman, Clareta,cgrahlman20@mit.edu,131.103.79.95
179,Daltrey, Deane,ddaltrey26@patch.com,14.202.131.111
181,Brognot, Hetty,hbrognot28@slate.com,24.78.254.158
183,Salan, Rivi,rsalan2a@nationalgeographic.com,7.50.116.17
189,Hews, Tilly,thews2g@phoca.cz,208.240.53.202
195,Gammett, Frances,fgammett2m@vkontakte.ru,123.251.201.186
199,Swanne, Anstice,aswanne2q@ocn.ne.jp,20.42.186.166
201,Emmer, Phaedra,pemmer0@live.com,225.181.175.157
207,Bygott, Rosanna,rbygott6@vinaora.com,37.238.61.14
209,Ellam, Laura,lellam8@toplist.cz,45.67.14.39
211,Estabrook, Cally,cestabrooka@phoca.cz,145.138.52.126
213,Daud, Mame,mdaudc@phoca.cz,225.2.212.205
215,Di Biaggi, Maris,mdibiaggie@cdbaby.com,134.140.146.95
219,Brymham, Lusa,lbrymhami@tmall.com,190.236.206.29
223,Goldup, Mitzi,mgoldupm@yelp.com,206.242.78.130
229,Tunstall, Kaila,ktunstalls@people.com.cn,20.31.21.10
233,Lugden, Kayley,klugdenw@yolasite.com,159.148.235.221
235,Fancourt, Sunny,sfancourty@cbc.ca,171.180.184.249
239,Portal, Alia,aportal12@miibeian.gov.cn,61.38.224.195
241,Clail, Agace,aclail14@naver.com,224.56.181.217
245,Hulse, Jamie,jhulse18@google.de,108.216.96.3
251,Krout, Allix,akrout1e@quantcast.com,176.224.216.246
253,Locke, Lara,llocke1g@npr.org,71.90.214.48
255,Amar, Ollie,oamar1i@youtube.com,94.181.173.149
257,Parkyns, Lorri,lparkyns1k@lycos.com,72.26.102.144
259,Futter, Stacy,sfutter1m@cnbc.com,40.47.192.193
261,Lansdale, Fleur,flansdale1o@ucoz.com,232.159.105.152
263,Konert, Karleen,kkonert1q@biglobe.ne.jp,85.126.60.137
265,Snow, Ashlee,asnow1s@bandcamp.com,34.22.128.189
269,McCaskill, Cora,cmccaskill1w@tinypic.com,220.127.123.45
273,Scrimgeour, Dorisa,dscrimgeour20@altervista.org,19.227.44.31
281,Kornacki, Abbey,akornacki28@flavors.me,14.145.81.190
283,Volk, Patrice,pvolk2a@free.fr,8.27.208.116
285,Hosier, Maryann,mhosier2c@wikimedia.org,142.5.207.126
287,Chalfont, Charis,cchalfont2e@wufoo.com,35.180.75.117
289,Duckers, Mersey,mduckers2g@paypal.com,220.125.206.8
293,Demelt, Tarra,tdemelt2k@economist.com,199.162.34.3
295,Ansley, Gerti,gansley2m@amazon.com,73.238.40.252
299,Reignould, Lory,lreignould2q@umich.edu,65.187.249.131
