id,first_name,last_name,email,gender,ip_address
1,Rowen,Ahearne,rahearne0@zimbio.com,Male,164.139.140.137
2,Jada,Turford,jturford1@bigcartel.com,Female,237.8.243.15
3,Bernard,Gahan,bgahan2@jugem.jp,Male,131.198.235.234
4,Archibald,Mathie,amathie3@google.fr,Male,102.115.68.212
5,Emilia,Cavy,ecavy4@google.pl,Female,144.120.119.238
6,Andy,Margrett,amargrett5@bloglines.com,Female,22.180.171.136
7,Sarge,Grimbaldeston,sgrimbaldeston6@epa.gov,Male,123.89.245.128
8,Antonella,Van Der Hoog,avanderhoog7@squidoo.com,Female,48.38.209.35
9,Ethelbert,Barratt,ebarratt8@yahoo.co.jp,Male,230.66.157.176
10,Brade,Quig,bquig9@google.co.uk,Male,175.0.119.66
11,Sigismund,Langthorn,slangthorna@hao123.com,Male,33.222.182.41
12,Roldan,Mandry,rmandryb@spotify.com,Male,8.242.184.97
13,Ilise,McGarvey,imcgarveyc@livejournal.com,Female,111.21.58.247
14,Justen,Lemmens,jlemmensd@amazon.de,Male,125.235.49.210
15,Deirdre,Rosenbush,drosenbushe@indiegogo.com,Female,48.227.217.177
16,Jamil,Alliston,jallistonf@un.org,Male,120.115.242.206
17,Mair,Brenston,mbrenstong@flavors.me,Female,28.94.30.159
18,Fonz,Collacombe,fcollacombeh@jiathis.com,Male,236.56.173.170
19,Andreana,Sotham,asothami@bloglovin.com,Female,57.135.139.169
20,Fredrika,Yuryshev,fyuryshevj@cbslocal.com,Female,10.103.125.60
21,Nara,Husselbee,nhusselbeek@unicef.org,Female,166.161.108.239
22,Myranda,Farmiloe,mfarmiloel@arstechnica.com,Female,184.130.69.35
23,Carmela,Hollingshead,chollingsheadm@wikimedia.org,Female,8.14.94.229
24,Grove,Landsberg,glandsbergn@home.pl,Male,133.187.106.18
25,Cirstoforo,Armin,carmino@nsw.gov.au,Male,186.117.9.154
26,Ase,Mercy,amercyp@moonfruit.com,Male,142.108.23.40
27,Henri,Ottery,hotteryq@narod.ru,Male,51.140.156.59
28,Johny,Rosenfelder,jrosenfelderr@blogger.com,Male,255.193.218.95
29,Clari,Gentric,cgentrics@nytimes.com,Female,119.47.219.236
30,Elbertine,Roles,erolest@bing.com,Female,239.234.108.73
31,Didi,Eastes,deastesu@opera.com,Female,70.219.101.43
32,Karlan,Cotmore,kcotmorev@furl.net,Male,76.87.132.50
33,Inglis,Penkman,ipenkmanw@stanford.edu,Male,13.225.89.25
34,Chad,Eisold,ceisoldx@loc.gov,Male,99.176.39.109
35,Caren,Peasnone,cpeasnoney@digg.com,Female,2.174.18.193
36,Jory,Granville,jgranvillez@linkedin.com,Male,211.112.215.40
37,Caitlin,Yele,cyele10@foxnews.com,Female,84.82.98.152
38,Dennet,Wink,dwink11@statcounter.com,Male,32.56.233.41
39,Zaria,Breinlein,zbreinlein12@noaa.gov,Female,24.128.148.8
40,Tan,Beavon,tbeavon13@youtube.com,Male,92.122.150.59
41,Hamilton,Poynor,hpoynor14@netvibes.com,Male,126.154.244.5
42,Desmund,Tanswill,dtanswill15@ed.gov,Male,103.222.170.42
43,Benedetta,Bordman,bbordman16@wiley.com,Female,179.227.214.191
44,Christina,Cragoe,ccragoe17@unblog.fr,Female,219.49.112.75
45,Aldin,Matschek,amatschek18@reverbnation.com,Male,231.39.57.249
46,Opal,Morley,omorley19@unc.edu,Female,211.119.0.209
47,Gino,Hughesdon,ghughesdon1a@hc360.com,Male,82.5.9.232
48,Cora,Brisland,cbrisland1b@msn.com,Female,53.128.3.93
49,Jamie,Lashbrook,jlashbrook1c@hao123.com,Female,79.247.194.3
50,My,Coverly,mcoverly1d@google.com.hk,Male,234.118.63.34
51,Clement,Cottisford,ccottisford1e@mediafire.com,Male,91.13.132.113
52,Christiano,Jamary,cjamary1f@wikipedia.org,Male,241.253.156.173
53,Dorotea,Plane,dplane1g@over-blog.com,Female,204.95.61.89
54,Farah,Jellyman,fjellyman1h@vinaora.com,Female,104.160.0.170
55,Sioux,Skedgell,sskedgell1i@irs.gov,Female,215.15.222.233
56,Carver,Kahler,ckahler1j@theguardian.com,Male,73.79.4.2
57,Lenci,Greep,lgreep1k@mapy.cz,Male,188.12.225.206
58,Jolee,Beetles,jbeetles1l@springer.com,Female,137.106.211.82
59,Tedi,Butchers,tbutchers1m@over-blog.com,Female,3.93.134.191
60,Alethea,McTavish,amctavish1n@woothemes.com,Female,84.160.165.184
61,Giselbert,Tumulty,gtumulty1o@omniture.com,Male,109.120.214.30
62,Mart,Lidell,mlidell1p@forbes.com,Male,119.210.113.114
63,Gerianne,Wooderson,gwooderson1q@statcounter.com,Female,144.202.121.56
64,Roland,Capps,rcapps1r@google.it,Male,156.8.103.108
65,Hew,Kaine,hkaine1s@shinystat.com,Male,100.126.202.118
66,Isabelle,Ragdale,iragdale1t@google.es,Female,103.132.122.216
67,Michail,Barnardo,mbarnardo1u@newyorker.com,Male,170.242.164.97
68,Cherry,Gindghill,cgindghill1v@yolasite.com,Female,117.16.235.76
69,Holmes,Reckhouse,hreckhouse1w@google.co.uk,Male,200.2.50.109
70,Brnaba,Keepence,bkeepence1x@google.it,Male,63.82.118.10
71,Johnathon,Olden,jolden1y@bing.com,Male,220.191.12.46
72,Rickey,Shemmans,rshemmans1z@umn.edu,Male,99.237.220.201
73,Marcelia,Orhrt,morhrt20@epa.gov,Female,10.198.157.227
74,Evvie,Biskupek,ebiskupek21@eepurl.com,Female,225.235.224.81
75,Merline,Giovanetti,mgiovanetti22@goodreads.com,Female,200.229.106.177
76,Klaus,Ordelt,kordelt23@merriam-webster.com,Male,120.175.224.236
77,Tildie,Baise,tbaise24@msn.com,Female,105.147.186.249
78,Gareth,Gatenby,ggatenby25@themeforest.net,Male,198.227.201.48
79,Enrichetta,MacKibbon,emackibbon26@unblog.fr,Female,6.225.189.75
80,Gale,Duny,gduny27@wix.com,Male,246.193.26.240
81,Flori,Tumioto,ftumioto28@rediff.com,Female,55.215.202.184
82,Roldan,Rillstone,rrillstone29@wikia.com,Male,112.101.62.117
83,Jewelle,Degoix,jdegoix2a@phpbb.com,Female,175.108.127.170
84,Linette,Domaschke,ldomaschke2b@netvibes.com,Female,101.133.75.159
85,Guss,Cosbey,gcosbey2c@youtube.com,Male,105.68.85.50
86,Byrann,Dorrington,bdorrington2d@dailymotion.com,Male,198.74.34.175
87,Marta,McGeagh,mmcgeagh2e@cam.ac.uk,Female,118.58.108.120
88,Fayette,Paddeley,fpaddeley2f@time.com,Female,162.178.159.250
89,Ania,Berka,aberka2g@facebook.com,Female,137.89.12.61
90,Jo,Moreing,jmoreing2h@de.vu,Female,225.34.155.101
91,Christabel,Quilleash,cquilleash2i@whitehouse.gov,Female,154.1.13.63
92,Marjorie,Boyington,mboyington2j@1688.com,Female,104.84.233.17
93,Pammy,Raphael,praphael2k@miitbeian.gov.cn,Female,245.103.97.15
94,Christopher,Mackie,cmackie2l@github.io,Male,67.242.40.166
95,Chas,Gillicuddy,cgillicuddy2m@liveinternet.ru,Male,159.98.27.81
96,Lianna,McGrane,lmcgrane2n@patch.com,Female,215.116.184.172
97,Madelon,Tamlett,mtamlett2o@miibeian.gov.cn,Female,26.237.7.252
98,Alleyn,Woodage,awoodage2p@dedecms.com,Male,239.135.165.169
99,Misti,O'Dare,modare2q@aboutads.info,Female,226.172.152.202
100,Matias,Seccombe,mseccombe2r@bbb.org,Male,198.242.121.247
